<?xml version="1.0" encoding="UTF-8"?>
<rss version="2.0">
	<channel>
		<title>HB3 ACCELERATOR</title>
		<link>https://hb3-accelerator.com</link>
		<pubDate>Tue, 07 Mar 2023 09:19:00 GMT</pubDate>
		<generator>Tilda Publishing</generator>
		<item><title>INVESTMENTS</title><link>https://hb3-accelerator.com/investments</link><pubDate>Tue, 14 Feb 2023 10:52:00 GMT</pubDate><guid>https://hb3-accelerator.com/investments</guid><enclosure url="https://static.tildacdn.com/tild3264-3064-4431-a232-663566333935/image_987.png" type="image/png" /></item>
		<item><title>EXPERTISE</title><link>https://hb3-accelerator.com/expertise</link><pubDate>Wed, 01 Feb 2023 20:05:00 GMT</pubDate><guid>https://hb3-accelerator.com/expertise</guid><enclosure url="https://static.tildacdn.com/tild3765-3130-4133-b435-393236373661/image_987.png" type="image/png" /></item>
		<item><title>ENTERPRENEURS</title><link>https://hb3-accelerator.com/enterpreneurs</link><pubDate>Tue, 07 Mar 2023 09:19:00 GMT</pubDate><guid>https://hb3-accelerator.com/enterpreneurs</guid><enclosure url="https://static.tildacdn.com/tild6630-3338-4062-b165-633262316264/image_987.png" type="image/png" /></item>
		<item><title>HB3 ACCELERATOR</title><link>https://hb3-accelerator.com/</link><pubDate>Thu, 16 Feb 2023 21:51:00 GMT</pubDate><guid>https://hb3-accelerator.com/</guid><enclosure url="https://static.tildacdn.com/tild6338-3962-4662-a163-623337323937/image_987.png" type="image/png" /></item>
</channel></rss>